﻿<layer title="mesagebox" width="200" height="100" appwin="0" frame_size="40,30,10,80" minsize="300,100" resize="0" translucent="1"  nomaxsize="1">
	<body>
    <dlg id="100" pos="0,0,-0,-0" class="cls_dlg_frame" >
      <caption id="101" pos="0,0,-0,29">
        <text pos="15,5" font="0004:微软雅黑"  hoverfont="0004:微软雅黑" crtext="666666" height="38" valign="middle" name="msgtitle" >title</text>
        <imgbtn name="btn_cancle" skin="btn_messagebox_close" pos="-38,5,-0,43"/>
      </caption>
      <dlg pos="5,30,-10,-50" >
        <img name="img_msg" pos="5,10,-5,-10" />
      </dlg>
      <dlg pos="5,-50,-10,-20" >
        <button pos="-95,0,-20,30" name="btn_ok" class="cls_btn_normal">确定</button>
      </dlg>
    </dlg>
	</body>
</layer>
