<dlg name="verification2nd_dlg" pos="0,0,-0,-0">
  <!--<caption pos="0,0,-0,-0">
    <imgbtn name="btn_verification_close" skin="btn_sys_close" pos="-39,1" animate="1"/>
  </caption>-->

  <tabctrl name="v2_tabctrl" pos="25,15,-0,-0" animatesteps="0" tabstop="0">
    <tab name="v2_type_dynamicpassword">
      <text pos="0,0" class="cls_txt_normal">您的帐号处于登录保护状态，请验证动态口令。</text>
      <tipedit name="v2_dp_token" pos="0,25" width="200" height="26" class="cls_txt_koulin" x-margin="2" y-margin="2" ncskin="skin_editnc" defaulttip="请输入动态口令"></tipedit>
      <text pos="0,60" class="cls_txt_normal">请启动手机应用"</text>
      <link name="v2_yyseccenter" pos="90,60" class="cls_txtblue_weblink">YY安全中心</link>
      <text pos="150,60" class="cls_txt_normal">"获取动态口令</text>

	  <imgbtn name="login_loginbtn_v2_mob" skin="btn_login" pos="57,102,188,134" animate="1"/>
     
    </tab> 
    <tab name="v2_type_mobile">
      <text pos="0,0"  class="cls_txt_normal" >您的帐号处于登录保护状态，请进行短信验证。</text>
      <text pos="0,25"  class="cls_txt_normal">您的手机：</text>
      <text name="v2_mobile" pos="60,25" class="cls_txt_normal">159*****571</text>
      <button name="v2_get_sms" class="cls_btn_normal_light" pos="155,23" width="102" height="26">获取免费验证码</button>
      <tipedit name="v2_mobile_code" pos="0,57" width="200" height="26" class="cls_txt_koulin" x-margin="2" y-margin="2" ncskin="skin_editnc" defaulttip="请输入6位短信验证码"></tipedit>
      
	  <imgbtn name="login_loginbtn_v2_sms" skin="btn_login" pos="57,102,188,134" animate="1"/>

    </tab>
    <tab name="v2_type_token">
      <text pos="0,0" class="cls_txt_normal">您的帐号处于登录保护状态，请验证您的硬件令牌。</text>
      <!--<text pos="0,35" class="cls_txt_black" font="0000:宋体">令牌口令：</text>-->
      <tipedit name="v2_hwttoken" pos="0,27" width="200" height="26" class="cls_txt_koulin" x-margin="2" y-margin="2" ncskin="skin_editnc" defaulttip="请输入6位动态口令"></tipedit>
      
	  <imgbtn name="login_loginbtn_v2_hwt" skin="btn_login" pos="57,102,188,134" animate="1"/>
    </tab>
  </tabctrl>

  <text name="v2_logininfo" pos="25,-98" crtext="FF0000" font="0000:微软雅黑"></text>

  <dlg name="v2_selectpane" pos="25,-60,-0,-0">
    <text name="v2_verification_text" pos="5,-40" class="cls_txt_normal" align="left">其他验证方式：</text>
    <combobox name="v2_verfication_type" pos="95,-45" width="110" height="26" dropdown="1" dropheight="200" x-margin="2" y-margin="2" 
              ncskin="skin_editnc" skin="comboskin_common" cursel="0" btnskin="login_dropbtn" font="0000:微软雅黑" tabstop="0" crtext="666666" align="center">
      <liststyle class="cls_combolist"   itemheight="36" crtext="666666" crseltext="666666" critembg="FFFFFF" critemselbg="ECF4F9" text-x="5" valign="middle"/>
      <editstyle inset="5,0,5,0" font="9F00:微软雅黑"/>
      <items>
        <item text="验证动态口令" data="0"/>
        <item text="验证密保手机" data="1"/> 
        <item text="验证硬件令牌" data="2"/>
      </items>
    </combobox>
  </dlg>
</dlg>