﻿<layer title="登录盒子" width="300" height="290" toolwin="1" ncRect="5,5,5,5"  resize="0" translucent="1"  nomaxsize="0">
	<body>
    <dlg name="maindlg" pos="0,0,-0,-0" skin="dlg_frame">
          
      <caption pos="0,0,-0,80">
        <imgbtn name="btn_close" skin="btn_sys_close" pos="-34,1,-0,29" animate="1"/>
        <imgbtn name="btn_min" skin="btn_sys_min" pos="-68,1" animate="1" show="0"/>
      </caption>
      
      <tabctrl name="loginTypeTabCtrl" pos="1,81,-0,-0" animatesteps="0" tabstop="0">
        <!--帐号密码登录tab-->
        <tab name="logintype_namepsw">
		  <comboboxex name="login_psw_username" id_text="2" pos="24,25" width="200" height="26" dropdown="0" dropheight="200" btnskin="login_dropbtn" class="cls_edit">
            <liststyle class="cls_combolist" itemheight="26" crtext="666666" crseltext="666666" critembg="FFFFFF" critemselbg="ECF4F9" text-x="5" valign="middle">
			  <template>
                <text id="2" pos="6,8" crtext="666666"/>
                <imgbtn id="3" pos="-35,1" skin="combobox_del" tip="删除帐号"/>
              </template>
			</liststyle>
            <editstyle inset="5,0,5,0" font="9F00:微软雅黑"/>
            <items>
            </items>
          </comboboxex>
		  
          <tipedit name="login_password" pos="25,65" class="cls_edit" width="200" height="26" font="9F00:微软雅黑" crtext="66666" password="1" defaulttip="密码"></tipedit>

          <check name="login_keeppsw" class="cls_txt_normal" pos="25,105">记住密码</check>
          <check name="login_auto" class="cls_txt_normal" pos="[20,105">自动登录</check>

          <!--登录按钮-->		  
		  <imgbtn name="login_loginbtn" skin="btn_login" pos="37,[13,168,[45" animate="1"/>          
          <check name="login_notip" class="cls_txt_normal" pos="[17,-60">不提示登录</check>
          <link name="login_switch2quick" pos="37,-30" class="cls_txtblue_weblink">切换到快速登录</link>
          <text name="login_switch2quick_errinfo" pos="120,-30" crtext="FF0000" show="0">没有检测到已登录的YY帐号</text>

          <link name="login_reg" class="cls_txtblue_weblink" pos="-67,23" height="30">注册帐号</link>
          <link name="login_forgetpsw" class="cls_txtblue_weblink" pos="-67,63" height="30" >找回密码</link>
        </tab>
        <!--快速登录tab-->
        <tab name="logintype_quick">
          <text pos="20,20" class="cls_txt_normal">检测到您已登录的YY帐号：</text>
          <listboxex name="list_yyinstances" pos="20,[15,-20,120" itemheight="25" critemselbg="FFFFFFFF">
            <template>
              <radio pos="0,2" name="radio_yyinstance"></radio>
              <text name="yyid_yyinstance" pos="20,0" class="cls_txt_normal">yy</text>
            </template>
          </listboxex>

          <imgbtn name="login_loginbtn_quick" skin="btn_login" pos="37,-85,168,-53" animate="1"/>
          <check name="login_notip_q" class="cls_txt_normal" pos="[17,-75">不提示登录</check>

          <link name="login_otheraccount" pos="37,-40" class="cls_txtblue_weblink">使用其他帐号登录</link>
        </tab>

        <tab name="logintype_quick_pic">
          <text pos="20,20" class="cls_txt_normal">请输入验证码:</text>
          <radio pos="20,50" name="radio_yyinstance_sel" state="4"></radio>
          <text name="yyid_yyinstance_sel" pos="40,50" class="cls_txt_normal">yy</text>
         
          <tipedit name="quicklogin_captcha_text" pos="20,80" width="150" height="30" class="cls_txt_koulin"  
                   x-margin="2" y-margin="2" ncskin="skin_editnc" defaulttip="请输入验证码"></tipedit>
         
          <img name="quicklogin_captcha_img" pos="182,80" width="80" height="30"></img>
          <link name="quicklogin_captcha_change" pos="270,85" class="cls_txtblue_weblink">换一张</link>
 
		  <imgbtn name="quicklogin_loginbtn_picver" skin="btn_login" pos="37,125,225,157" animate="1"/>
          
          <check name="login_notip_qpic" class="cls_txt_normal" pos="250,-65">不提示登录</check>
        </tab>
        
        
        <!--图片验证码登录-->
        <tab name="logintype_verify">
          <combobox name="login_pic_username" pos="24,25" width="200" height="26" dropdown="0" dropheight="200" btnskin="login_dropbtn" class="cls_edit">
            <liststyle class="cls_combolist"  itemheight="26" crtext="666666" crseltext="666666" critembg="FFFFFF" critemselbg="ECF4F9" text-x="5" valign="middle" />
            <editstyle inset="5,0,5,0" font="9F00:微软雅黑"/>
            <items>
            </items>
          </combobox>

          <tipedit name="login_pic_password" pos="25,65" class="cls_edit" width="200" height="26" font="9F00:微软雅黑" crtext="66666" password="1" defaulttip="密码"></tipedit>
         
          <tipedit name="login_captcha_text" pos="25,105" width="110" height="30" class="cls_txt_koulin" 
                   x-margin="2" y-margin="2" ncskin="skin_editnc" defaulttip="请输入验证码"></tipedit>
          <img name="login_captcha_img" pos="[10,105" width="80" height="28"></img>
          <link name="login_captcha_change" pos="-64,118" class="cls_txtblue_weblink">换一张</link>
		  <imgbtn name="login_loginbtn_picver" skin="btn_login" pos="37,[10,165,[42" animate="1"/>
          <check name="login_notip_pic" class="cls_txt_normal" pos="[17,-50">不提示登录</check>
          <link name="login_reg" class="cls_txtblue_weblink" pos="-67,23" height="30">注册帐号</link>
          <link name="login_forgetpsw" class="cls_txtblue_weblink" pos="-67,63" height="30" >找回密码</link>
        </tab>
        <!--二次验证登录-->
        <tab name="logintype_2ndverify">
          <dlgfile pos="0,0,-0,-0" src="IDR_DUI_VERIFICATION_DIALOG"></dlgfile>
        </tab>
        
        <!--正在登录页面-->
        <tab name="logintype_loading">
          <animateimg name="IDG_LOADING_GIF" pos="|-24,|-24" skin="loading_img" speed="60" autostart="1" show="1"/>
          <text pos="0,|30,-0,|50" align="center" class="cls_txt_tips">正在登录...</text>
        </tab>
      </tabctrl>
    </dlg>
	</body>
</layer>




