﻿<DuiEngine>
  <font face="宋体" size="12"/>
  
  <string>
    <s id="1"></s>
    <s id="2">1.0</s>
  </string>
  
  <skins>
  <imgframe name="dlg_frame" owner=""   src="IDP_MAIN_DLG_FRAME" left="1" right="1" top="1" bottom="1" subwidth="300"/>
    <imgframe name="comboskin_common"         src="IDP_COMBO_SKIN" />
  <imglst name="btncheckbox"         src="IDP_BTN_WND_CHECKBOX" subwidth="13"  />
	<imglst name="btnRadio"            src="IDP_BTN_WND_RADIO" subwidth="13"  />
  <imglst name="focuscheckbox" src="IDP_FOCUS_CHECK"/>
  <imglst name="focusRadio" src="IDP_FOCUS_RADIO"/>
  <imglst name="loading_img" src="IDP_LOADING" subwidth="48"/>

    <vscrollbar name="sb_common" src="IDP_SCROLL" margin="3" hasgripper="0"/>

  <!--登录窗口相关皮肤-->
  <imglst name="login_dropbtn" src="IDP_LOGINDROPBTN" subwidth="30"/>
  <imglst name="skin_button" src="IDP_BUTTON" subwidth="70"/>
    
  <imgframe name="skin_editnc" src="IDP_EDIT_BORDER" subwidth="6"  left="2" top="2" right="2" bottom="2"/>
  <imglst name="comboboxbtn" src="IDP_DROPBTN" subwidth="30"/>
  <imglst name="combobox_del" src="IDP_COMBOBOX_DELELTE" subwidth="38"/>
    
  <imglst name="btn_sys_close"    src="IDP_BTN_SYS_CLOSE" subwidth="34" />
  <imglst name="btn_sys_min"    src="IDP_BTN_SYS_MIN" subwidth="34" />

  <button name="normalbtn" border="7D9EBC" bg="FBFCFD" bgup="FEFEFE"
    bgdown="C6E2FD" bguphover="FEFEFE" bgdownhover="DBEDFE"
    bguppush="C6E2FD" bgdownpush="FEFEFE"/>

  <imgframe name="btn_login" src="IDP_LOGIN_BTN" subwidth="131"  left="5" top="5" right="5" bottom="5"/>
  <imgframe name="btn_login_light" src="IDP_LOGIN_LIGHT_BTN" subwidth="85"  left="5" top="5" right="5" bottom="5"/>
  <imgframe name="btn_captcha" src="IDP_CAPTCHA_BTN" subwidth="6" left="2" top="2"  right="2" bottom="2"/>
  <imglst name="img_login_head"      src="IDP_IMG_LOGIN_HEAD" subwidth="350"  />
  <imgframe name="border_listbox"      src="IDP_LISTBOX_BORDER" subwidth="20"  left="1" top="1" right="2" bottom="2"/>

    <imglst name="btn_messagebox_close"      src="IDP_BTN_MESSAGEBOX_CLOSE" subwidth="38"  />
  </skins>
<style>
  <class name="cls_dlg_frame" skin="dlg_frame" font="0000" crtext="FFFFFF" x-margin="0"/>
  <class name="cls_edit" font="0000:微软雅黑" crtext="666666" align="left"  x-margin="1" y-margin="1" ncskin="skin_editnc"/>

  <class name="cls_black"   font="0000:宋体"  crtext="000000" />
	<class name="cls_btn_link"    cursor="hand" crhover="0A84D2" />
	<!--定义文字按钮的样式-->
	<class name="cls_btn_weblink" cursor="hand" crtext="1e78d5" crhover="1e78d5" hoverfont="0002" />

  <class name="cls_txt_disp"   font="0000:微软雅黑"  crtext="666666" />
  <class name="cls_txt_tips"   font="0000:微软雅黑"  crtext="999999" />
  <class name="cls_txt_normal"   font="0000:微软雅黑"  crtext="A9A9A9" />
  <class name="cls_txt_gray"   font="0000:微软雅黑"  crtext="444444" />
	<class name="cls_txt_red"     font="0004:宋体"  crtext="FF0000" />
  <!--定义白色粗体雅黑-->
  <class name="cls_txt_bold" font="0004:微软雅黑" crtext="FFFFFF" />
	<!--定义黑色粗体宋体-->
	<class name="cls_txt_black"   font="0004:宋体"  crtext="000000" />
	<!--定义白色粗体宋体-->
	<class name="cls_txt_white"   font="0004:宋体"  crtext="FFFFFF" />
	<!--定义白色粗体宋体-->
	<class name="Arial_txt_white_center"   font="0004:Arial" textmode="25" crtext="FFFFFF" />

	<class name="normalbtn" skin="normalbtn" font="0000" crtext="385e8b" crdisabled="91a7c0" textmode="25" cursor="hand" x-margin="0"/>

	<class name="toptext" textmode="20" />
	<class name="vcentertext" textmode="24"/>
	<class name="rightvcentertext" textmode="26"/>
	<class name="centertext" textmode="25"/>
	<class name="righttext" textmode="22"/>
	<class name="Arial_txt_white"   font="0000:Arial" textmode="25" crtext="FCF5F1" />
	<class name="Arial_txt_gray"   font="0000:Arial" textmode="25" crtext="565656" />
  <class name="cls_txtblue_weblink" cursor="hand" crtext="928d7a" crhover="999d8a" hoverfont="0002" align="left"/>
  
	<class name="linkimage" cursor="hand"/>
  <class name="cls_combolist" font="0000:微软雅黑" x-margin="5" y-margin="5" ncskin="border_listbox"/>
  <class name="cls_btn_normal" skin="btn_login" font="0000:微软雅黑" crtext="FFFFFF" cursor="hand"/>
  <class name="cls_btn_normal_light" skin="btn_login_light" font="0004:微软雅黑" crtext="FFFFFF" cursor="hand"/>
  <class name="cls_txt_koulin" font="9F00:微软雅黑" crtext="666666" />
</style>

<objattr>
	<button class="normalbtn"/>
	<check skin="btncheckbox"/>
	<radio skin="btnRadio"/>
	<imgbtn class="linkimage"/>
	<divex sbskin="sb_common" sbwid="16"/>
	<duiedit baseClass="divex" transparent="1"/>
	<scrollview baseClass="divex"/>
	<duilistbox baseClass="divex"/>
	<treectrl baseClass="divex"/>
</objattr>

</DuiEngine>