﻿<?xml version="1.0" encoding="utf-8"?>
<!--XML 资源，name and id:将写入到resource.h中的define,type and file :将写入到rc2的资源定义,layer:窗口定义XML，resbuilder使用它来自动为对应的XML生成控件ID-->
<resid type="XML" name="IDR_DUI_INIT"  file="xml\init.xml"  />
<resid type="XML" name="IDR_DUI_MSGBOX"   file="xml\dlg_msgbox.xml"  />
<resid type="XML" name="IDR_DUI_MAIN_DIALOG"   layer="1" file="xml\dlg_main.xml"/>
<resid type="XML" name="IDR_DUI_VERIFICATION_DIALOG"   layer="1" file="xml\dlg_verification_2nd.xml"/>
<resid type="XML" name="IDR_DUI_HTML_MSG_BOX"   layer="1" file="xml\dlg_htmlmsgbox.xml"/>

<resid type="IMGX" name="IDP_MAIN_DLG_FRAME"    file="image\dlg_bg_frame.png"  />
<resid type="IMGX" name="IDP_BTN_WND_CHECKBOX"     file="image\btn_wnd_checkbox.png"/>
<resid type="IMGX" name="IDP_BTN_WND_RADIO"  file="image\btn_wnd_radio.png"   />
<resid type="IMGX" name="IDP_FOCUS_CHECK"    file="image\focus_checkbox.png"/>
<resid type="IMGX" name="IDP_FOCUS_RADIO"    file="image\focus_radio.png"   />
<resid type="IMGX" name="IDP_IMG_LOGIN_HEAD" file="image\login\login_head.png"/>

<resid type="IMGX" name="IDP_BTN_SYS_CLOSE"   file="image\btn_sys_close.png"    />
<resid type="IMGX" name="IDP_BTN_SYS_MIN" file="image\btn_sys_minimize.png" />
<resid type="IMGX" name="IDP_SCROLL"   file="image\scrollbar.png" />

<resid type="IMGX" name="IDP_LOGINDROPBTN"  file="image\dropbtn.png" />
<resid type="IMGX" name="IDP_EDIT_BORDER"  file="image\img_edit_border.png" />
<resid type="IMGX" name="IDP_DROPBTN" file="image\dropbtn.png" />
<resid type="IMGX" name="IDP_BUTTON" file="image\btn_normal.png"/>


<resid type="IMGX" name="IDP_LOGIN_BTN" file="image\login\btn_login.png" />
<resid type="IMGX" name="IDP_LOGIN_LIGHT_BTN" file="image\login\btn_login_light.png" />
<resid type="IMGX" name="IDP_COMBO_SKIN" file="image\comboskin.png" />
<resid type="IMGX" name="IDP_CAPTCHA_BTN" file="image\btn_getpiccode.png" />
<resid type="IMGX" name="IDP_LOADING" file="image\loading.png"/>
<resid type="IMGX" name="IDP_LISTBOX_BORDER" file="image\listbox_border.png"/>

<resid type="IMGX" name="IDP_BTN_MESSAGEBOX_CLOSE" file="image\btn_messagebox_close.png"/>
<resid type="IMGX" name="IDP_COMBOBOX_DELELTE" file="image\combox_del.png"/>